{
  "k": 5,
  "draws": 2000,
  "per_model": 5,
  "median_jaccard": 0.6111111111111112,
  "iqr": [
    0.5740740740740741,
    0.6481481481481481
  ]
}